<!DOCTYPE hibernate-configuration PUBLIC
"-//Hibernate/Hibernate Configuration DTD 3.0//EN"
 "http://hibernate.sourceforge.net/hibernate-configuration-3.0.dtd">
<hibernate-configuration>

<session-factory>
	<property name="dialect">
		org.hibernate.dialect.SQLServerDialect
	</property>
	<property name="connection.url">
		jdbc:sqlserver://127.0.0.1:1433;databaseName=exam
	</property>
	<property name="connection.username">sa</property>
	<property name="connection.password">123</property>
	<property name="connection.driver_class">
		com.microsoft.sqlserver.jdbc.SQLServerDriver
	</property>

	<property name="show_sql">true</property><!-- 是否显示SQL语句 -->
	<property name="format_sql">true</property><!-- 格式化SQL语句 -->
	<mapping resource="com/qhit/domain/Admin.hbm.xml" />
	<mapping resource="com/qhit/domain/Teacher.hbm.xml" />
	<mapping resource="com/qhit/domain/Question.hbm.xml" />
	<mapping resource="com/qhit/domain/paper.hbm.xml" />




</session-factory>

</hibernate-configuration>