<?xml version="1.0" encoding="UTF-8" ?>
<!DOCTYPE struts PUBLIC "-//Apache Software Foundation//DTD Struts Configuration 2.1//EN" "http://struts.apache.org/dtds/struts-2.1.dtd">
<struts>
	
	<!--  
	<package name="/file" namespace="/file" extends="struts-default">
		<action name="*_*" class="controller.{1}Action" method="{2}">
		
		</action>
	</package>

	<package name="/question" namespace="/question" extends="struts-default">
		<action name="*_*" class="controller.{1}Action" method="{2}">
			<result name="getQuestionBySubId">
				getQuestionBySubId.jsp
			</result>
			<result name="{2}">
				{2}.jsp
			</result>  
		</action>
	</package>
	
	<package name="default" namespace="/" extends="json-default,hibernate-default">
		<action name="*_*" class="controller.{1}Action" method="{2}">
		
			<result name="{2}" type="json">
				<param name="includeProperties">result.*</param>
			</result>  
		</action>
	</package>
	-->
	
	<!-- 用户模块的action -->
	<package name="user" namespace="" extends="struts-default" >
		<action name="userLogin" class="com.qhit.action.UserAction" method="login">
		<result name="index" >
				login.jsp
			</result> 
			<result name="login" >
				index.jsp
			</result>  
		</action>
		
		<action name="teacherList" class="com.qhit.action.TeacherAction" method="list">
			<result name="list" >
				teacher/list.jsp
			</result>  
		</action>
		<action name="updateTeacher" class="com.qhit.action.TeacherAction" method="up">
			<result name="up">teacher/update.jsp </result>
		</action>
		<action name="updateTeachers" class="com.qhit.action.TeacherAction" method="update">
			<result name="success" type="redirectAction">
              <param name="actionName">teacherList!list</param>  
              </result>
		</action>
		
		<action name="QuestionList" class="com.qhit.action.QuestionAction" method="list">
			<result name="list" >
				question/list.jsp
			</result>  
		</action>
		<action name="subList" class="com.qhit.action.QuestionAction" method="sublist">
			<result name="list">
			question/morelist.jsp
			</result>  
		</action>
		<action name="saveQuestion" class="com.qhit.action.QuestionAction" method="save">
			<result name="save" type="redirectAction">
              <param name="actionName">QuestionList!list</param>  
              </result> 
		</action>
		
		<action name="paperList" class="com.qhit.action.PaperAction" method="list">
			<result name="list" >
				paper/list.jsp
			</result>  
		</action>
		<action name="papersave" class="com.qhit.action.PaperAction" method="save">
			<result name="save" type="redirectAction">
			<param name="actionName">paperList!list</param>
			</result>  
		</action>
		<action name="papersList" class="com.qhit.action.PaperAction" method="slist">
			<result name="list" >
				paper/qlist.jsp
			</result>  
		</action>
	</package>
	
</struts>    
